{
    "1e-05": {
        "accuracy": 55.6,
        "sparsity": 68.69698225429018
    },
    "5e-05": {
        "accuracy": 54.44,
        "sparsity": 93.3740005850234
    },
    "0.0001": {
        "accuracy": 53.12,
        "sparsity": 96.87341556162247
    },
    "0.0005": {
        "accuracy": 48.91,
        "sparsity": 99.52466848673947
    }
}